epoch,time,train/box_loss,train/cls_loss,train/dfl_loss,metrics/precision(B),metrics/recall(B),metrics/mAP50(B),metrics/mAP50-95(B),val/box_loss,val/cls_loss,val/dfl_loss,lr/pg0,lr/pg1,lr/pg2
1,8.92952,1.20959,3.37037,1.12726,0.02646,1,0.06147,0.0416,0.87607,3.25722,0.85663,0.000611111,0.000611111,0.000611111
2,12.0956,1.15306,2.08013,0.99987,0.02063,0.77953,0.02367,0.00701,1.02208,3.50057,0.99793,0.00126513,0.00126513,0.00126513
3,15.5907,1.1022,1.7567,0.97851,0.02646,1,0.03939,0.02287,0.96741,3.19108,0.92577,0.00190594,0.00190594,0.00190594
4,18.9973,1.10096,1.81801,0.95874,0.02542,0.96063,0.03011,0.01878,0.81282,3.29157,0.86412,0.0019406,0.0019406,0.0019406
5,22.2472,0.98922,1.51431,0.96655,0.02229,0.84252,0.2864,0.20536,0.8565,2.68223,0.91162,0.0019208,0.0019208,0.0019208
6,25.5938,0.92158,1.41373,0.94363,0.03403,0.95276,0.5869,0.44526,0.82045,2.5335,0.89966,0.001901,0.001901,0.001901
7,28.8191,0.91176,1.43041,0.96721,0.02417,0.91339,0.05111,0.03994,0.72072,2.63526,0.87487,0.0018812,0.0018812,0.0018812
8,32.0129,0.76012,1.42337,0.91081,0.11858,0.33263,0.1494,0.12053,0.71526,2.54908,0.89527,0.0018614,0.0018614,0.0018614
9,35.2696,0.78098,1.22295,0.93357,0.81311,0.86614,0.88546,0.72674,0.71095,1.56575,0.89514,0.0018416,0.0018416,0.0018416
10,38.6192,0.76109,1.96499,0.9592,0.85486,0.83481,0.90221,0.76712,0.63802,1.74831,0.86606,0.0018218,0.0018218,0.0018218
11,42.0615,0.76935,1.24309,0.89127,0.80909,0.93701,0.91192,0.78765,0.58622,1.12838,0.85073,0.001802,0.001802,0.001802
12,45.1336,0.71023,0.92867,0.89828,0.77604,0.98224,0.89343,0.75008,0.64154,0.93565,0.86198,0.0017822,0.0017822,0.0017822
13,48.4503,0.75288,1.09908,0.88852,0.76669,0.95276,0.8999,0.76432,0.59435,1.12818,0.84758,0.0017624,0.0017624,0.0017624
14,51.7887,0.69243,0.92943,0.87921,0.78517,0.94488,0.91737,0.78259,0.58798,1.03764,0.84971,0.0017426,0.0017426,0.0017426
15,54.9694,0.86876,2.91467,0.95493,0.82916,0.95276,0.93336,0.79596,0.63317,0.83942,0.86032,0.0017228,0.0017228,0.0017228
16,58.3044,0.6967,0.86493,0.86953,0.82314,0.96063,0.93276,0.79143,0.61415,0.79556,0.84982,0.001703,0.001703,0.001703
17,61.4851,0.64632,0.87766,0.86889,0.86218,0.92126,0.94779,0.81585,0.55067,0.74143,0.84015,0.0016832,0.0016832,0.0016832
18,64.6878,0.61344,1.02266,0.86612,0.83368,0.9685,0.9388,0.81508,0.568,1.09144,0.83862,0.0016634,0.0016634,0.0016634
19,67.9692,0.63356,1.06207,0.8662,0.85458,0.92548,0.96687,0.79685,0.66825,0.7311,0.88,0.0016436,0.0016436,0.0016436
20,71.247,0.69917,0.86724,0.85983,0.84397,0.93701,0.95956,0.80253,0.61244,0.94913,0.86376,0.0016238,0.0016238,0.0016238
21,74.3131,0.73332,0.81708,0.87904,0.86277,0.91339,0.95652,0.81492,0.59774,0.85935,0.83673,0.001604,0.001604,0.001604
22,77.3193,0.66294,0.95404,0.85914,0.82737,0.99213,0.95817,0.82808,0.54457,0.74672,0.8384,0.0015842,0.0015842,0.0015842
23,80.4974,0.68698,0.88577,0.86986,0.80545,0.94538,0.93069,0.79424,0.59416,0.75052,0.85934,0.0015644,0.0015644,0.0015644
24,83.8191,0.65719,0.79585,0.89083,0.83156,0.96063,0.94841,0.83337,0.54012,0.71779,0.83559,0.0015446,0.0015446,0.0015446
25,87.0848,0.63527,0.8032,0.86308,0.91524,0.93532,0.95839,0.83086,0.52538,0.66616,0.82679,0.0015248,0.0015248,0.0015248
26,90.4971,0.65639,0.77919,0.85382,0.90593,0.93701,0.95708,0.84185,0.5149,0.66554,0.82955,0.001505,0.001505,0.001505
27,93.8836,0.60132,0.98119,0.88299,0.85273,0.94488,0.95744,0.83605,0.5354,0.72165,0.83526,0.0014852,0.0014852,0.0014852
28,97.0865,0.63581,1.01835,0.86418,0.80831,0.96063,0.94726,0.80166,0.60523,0.69421,0.84974,0.0014654,0.0014654,0.0014654
29,100.372,0.60328,0.85556,0.88112,0.84525,0.96063,0.95888,0.83794,0.51563,0.80818,0.82766,0.0014456,0.0014456,0.0014456
30,103.56,0.57346,0.76785,0.8547,0.88205,0.94488,0.96423,0.84593,0.50618,0.65316,0.82566,0.0014258,0.0014258,0.0014258
31,106.569,0.60163,0.81006,0.85482,0.86912,0.93701,0.96381,0.84431,0.53382,0.66477,0.82854,0.001406,0.001406,0.001406
32,110.013,0.61555,0.8681,0.86257,0.87185,0.92913,0.96039,0.84415,0.52765,0.6182,0.82625,0.0013862,0.0013862,0.0013862
33,113.188,0.61039,0.78081,0.86596,0.89068,0.95276,0.96635,0.83797,0.53931,0.60932,0.83587,0.0013664,0.0013664,0.0013664
34,116.37,0.58043,0.8645,0.84293,0.88796,0.93609,0.95455,0.84475,0.5047,0.77008,0.82648,0.0013466,0.0013466,0.0013466
35,119.653,0.55308,0.86279,0.84807,0.86096,0.97517,0.96018,0.83351,0.52597,0.63447,0.82712,0.0013268,0.0013268,0.0013268
36,123.055,0.60603,0.76871,0.86243,0.88942,0.95276,0.96671,0.83785,0.5182,0.67006,0.82325,0.001307,0.001307,0.001307
37,126.519,0.56451,0.77821,0.84694,0.85129,0.97638,0.96141,0.83969,0.50475,0.71378,0.8304,0.0012872,0.0012872,0.0012872
38,129.769,0.58733,0.63946,0.853,0.87554,0.9417,0.96225,0.85464,0.47241,0.62427,0.81839,0.0012674,0.0012674,0.0012674
39,132.984,0.57907,0.66389,0.85671,0.91222,0.97638,0.96885,0.86456,0.4745,0.54945,0.81551,0.0012476,0.0012476,0.0012476
40,136.122,0.55415,0.63335,0.84685,0.93235,0.97663,0.97336,0.86237,0.46477,0.53672,0.81801,0.0012278,0.0012278,0.0012278
41,139.419,0.55393,0.852,0.83393,0.91494,0.9685,0.97671,0.86449,0.48517,0.53366,0.82106,0.001208,0.001208,0.001208
42,142.747,0.55742,0.61722,0.85942,0.88453,0.98425,0.97206,0.86669,0.46014,0.53112,0.81479,0.0011882,0.0011882,0.0011882
43,145.778,0.54114,0.64481,0.83929,0.88135,0.94488,0.95788,0.85131,0.46974,0.61135,0.81925,0.0011684,0.0011684,0.0011684
44,149.079,0.59722,0.66253,0.85448,0.87639,0.92913,0.95027,0.83793,0.48492,0.7003,0.82401,0.0011486,0.0011486,0.0011486
45,152.419,0.56048,0.63812,0.85013,0.89383,0.94488,0.95874,0.8488,0.47458,0.54277,0.81552,0.0011288,0.0011288,0.0011288
46,155.747,0.54932,0.66319,0.86923,0.88413,0.96131,0.95764,0.8476,0.48566,0.5424,0.8174,0.001109,0.001109,0.001109
47,158.869,0.58217,0.64285,0.85195,0.90699,0.96063,0.95475,0.85077,0.46756,0.54813,0.81812,0.0010892,0.0010892,0.0010892
48,162.201,0.52592,0.65576,0.84015,0.92984,0.93916,0.96023,0.861,0.47035,0.51564,0.81782,0.0010694,0.0010694,0.0010694
49,165.319,0.54383,0.68655,0.86567,0.9144,0.97638,0.97548,0.86939,0.4876,0.52869,0.81623,0.0010496,0.0010496,0.0010496
50,168.513,0.52686,0.6088,0.83086,0.89439,0.98425,0.97726,0.87108,0.462,0.54391,0.81133,0.0010298,0.0010298,0.0010298
51,171.685,0.55199,0.61626,0.85651,0.89327,0.98851,0.97054,0.85881,0.45836,0.50055,0.80856,0.00101,0.00101,0.00101
52,175.069,0.5245,0.59743,0.84747,0.90989,0.95415,0.96862,0.87109,0.44754,0.50279,0.8084,0.0009902,0.0009902,0.0009902
53,178.341,0.52633,0.55979,0.82713,0.91029,0.95881,0.96204,0.86806,0.46083,0.58088,0.81285,0.0009704,0.0009704,0.0009704
54,181.532,0.54002,0.65732,0.86427,0.87906,0.98425,0.96526,0.86427,0.4672,0.50654,0.81456,0.0009506,0.0009506,0.0009506
55,184.539,0.51414,0.55978,0.82905,0.9109,0.96063,0.96754,0.86508,0.45977,0.50303,0.813,0.0009308,0.0009308,0.0009308
56,187.789,0.50719,0.62629,0.82508,0.91196,0.9685,0.96778,0.86383,0.47489,0.48852,0.81655,0.000911,0.000911,0.000911
57,191.169,0.48435,0.57525,0.83625,0.91124,0.97006,0.97129,0.87957,0.4534,0.48852,0.81306,0.0008912,0.0008912,0.0008912
58,194.369,0.53631,0.59385,0.8209,0.90436,0.97638,0.96817,0.87429,0.4379,0.48087,0.80837,0.0008714,0.0008714,0.0008714
59,197.633,0.5335,0.54494,0.83839,0.89083,0.9685,0.96424,0.86004,0.44628,0.52469,0.80879,0.0008516,0.0008516,0.0008516
60,201.039,0.52398,0.6667,0.84279,0.89177,0.97321,0.96883,0.8637,0.44874,0.49102,0.80848,0.0008318,0.0008318,0.0008318
61,204.361,0.51881,0.56226,0.81903,0.90993,0.9546,0.96752,0.86238,0.46698,0.52543,0.81202,0.000812,0.000812,0.000812
62,207.669,0.50668,0.5494,0.84391,0.90999,0.95533,0.96605,0.87045,0.44352,0.54259,0.81098,0.0007922,0.0007922,0.0007922
63,210.873,0.52089,0.52001,0.8373,0.903,0.9529,0.96943,0.87286,0.43925,0.46686,0.80704,0.0007724,0.0007724,0.0007724
64,214.319,0.50316,0.5351,0.83941,0.91627,0.9479,0.96932,0.87615,0.4396,0.46857,0.80692,0.0007526,0.0007526,0.0007526
65,217.607,0.49445,0.51307,0.82122,0.90941,0.9685,0.96826,0.86783,0.45545,0.48666,0.81461,0.0007328,0.0007328,0.0007328
66,221,0.53699,0.55323,0.83467,0.90198,0.9685,0.9675,0.86674,0.46053,0.50265,0.81362,0.000713,0.000713,0.000713
67,224.17,0.44549,0.51757,0.82878,0.91027,0.9586,0.96927,0.87913,0.44613,0.51376,0.80533,0.0006932,0.0006932,0.0006932
68,227.519,0.47125,0.50309,0.84375,0.92334,0.94844,0.96649,0.87658,0.43881,0.46476,0.8048,0.0006734,0.0006734,0.0006734
69,230.747,0.46137,0.53135,0.82455,0.86743,0.97888,0.96237,0.86899,0.43508,0.45745,0.80634,0.0006536,0.0006536,0.0006536
70,234.119,0.48158,0.53415,0.84974,0.89623,0.95204,0.96299,0.87146,0.42617,0.46029,0.80682,0.0006338,0.0006338,0.0006338
71,237.56,0.51349,0.49395,0.82361,0.93707,0.96063,0.96882,0.87147,0.43613,0.44763,0.80835,0.000614,0.000614,0.000614
72,240.81,0.47706,0.50043,0.84177,0.93798,0.96063,0.96847,0.87877,0.43246,0.43795,0.80736,0.0005942,0.0005942,0.0005942
73,244.055,0.50943,0.49353,0.82369,0.92831,0.96063,0.97375,0.87953,0.43379,0.43653,0.80525,0.0005744,0.0005744,0.0005744
74,247.247,0.4989,0.51357,0.83897,0.93139,0.96207,0.97687,0.87954,0.4325,0.43519,0.80767,0.0005546,0.0005546,0.0005546
75,250.372,0.48403,0.5091,0.82435,0.93914,0.97202,0.97788,0.86945,0.46727,0.44421,0.81711,0.0005348,0.0005348,0.0005348
76,253.596,0.47443,0.48358,0.82272,0.94633,0.97191,0.97756,0.87262,0.4481,0.42934,0.81316,0.000515,0.000515,0.000515
77,257.106,0.50782,0.51838,0.81048,0.93253,0.97945,0.97711,0.89203,0.43223,0.41965,0.80586,0.0004952,0.0004952,0.0004952
78,260.31,0.55567,1.03221,0.83248,0.93146,0.98425,0.97685,0.88651,0.43013,0.41955,0.80435,0.0004754,0.0004754,0.0004754
79,263.138,0.47716,0.54572,0.83828,0.93578,0.96063,0.97197,0.87432,0.44395,0.49496,0.80587,0.0004556,0.0004556,0.0004556
80,266.269,0.48326,0.49294,0.82167,0.9332,0.94488,0.97085,0.87262,0.43958,0.52127,0.8049,0.0004358,0.0004358,0.0004358
81,269.58,0.48154,0.49519,0.82145,0.93355,0.9685,0.97707,0.88857,0.42597,0.42858,0.80281,0.000416,0.000416,0.000416
82,272.819,0.45762,0.44041,0.81336,0.93939,0.97633,0.97564,0.88762,0.42278,0.43654,0.80226,0.0003962,0.0003962,0.0003962
83,276.06,0.49941,0.49342,0.8242,0.92921,0.97638,0.97102,0.88193,0.42401,0.44886,0.80291,0.0003764,0.0003764,0.0003764
84,279.539,0.49084,0.49197,0.8335,0.937,0.97638,0.97268,0.88264,0.42232,0.43608,0.80256,0.0003566,0.0003566,0.0003566
85,282.979,0.45801,0.46683,0.8326,0.9459,0.96379,0.97579,0.89435,0.41401,0.44702,0.80142,0.0003368,0.0003368,0.0003368
86,286.439,0.48438,0.50279,0.82496,0.94502,0.94733,0.97384,0.88574,0.42007,0.47529,0.80285,0.000317,0.000317,0.000317
87,289.606,0.45629,0.55051,0.8378,0.92369,0.96063,0.97158,0.882,0.4261,0.48072,0.80392,0.0002972,0.0002972,0.0002972
88,293.039,0.49955,0.4982,0.83435,0.9292,0.96063,0.97333,0.88454,0.42524,0.46281,0.80179,0.0002774,0.0002774,0.0002774
89,296.357,0.47635,0.48995,0.8278,0.93831,0.95819,0.97571,0.87717,0.43619,0.42493,0.80161,0.0002576,0.0002576,0.0002576
90,299.58,0.43736,0.45498,0.81818,0.93585,0.96063,0.97561,0.88071,0.43394,0.41372,0.80141,0.0002378,0.0002378,0.0002378
91,302.669,0.36929,1.25662,0.75617,0.92574,0.96063,0.97873,0.88564,0.43023,0.41617,0.80271,0.000218,0.000218,0.000218
92,305.648,0.41037,0.53232,0.81408,0.93411,0.95276,0.9801,0.88657,0.43322,0.43372,0.80456,0.0001982,0.0001982,0.0001982
93,308.653,0.4266,0.52469,0.80268,0.93584,0.96063,0.98162,0.88671,0.43488,0.44417,0.80549,0.0001784,0.0001784,0.0001784
94,311.669,0.39109,0.57684,0.7968,0.93193,0.97025,0.98251,0.88919,0.43927,0.42775,0.8062,0.0001586,0.0001586,0.0001586
95,314.789,0.43787,0.48699,0.80772,0.92671,0.99213,0.98281,0.88623,0.43643,0.40605,0.80484,0.0001388,0.0001388,0.0001388
96,317.846,0.41619,0.43919,0.80299,0.93107,0.99213,0.9815,0.88709,0.43065,0.40058,0.80296,0.000119,0.000119,0.000119
97,320.77,0.46521,0.48646,0.83371,0.93053,0.99213,0.97995,0.88848,0.42833,0.39738,0.80055,9.92e-05,9.92e-05,9.92e-05
98,323.919,0.46041,0.46176,0.81479,0.93318,0.98966,0.9804,0.8913,0.43079,0.39765,0.80039,7.94e-05,7.94e-05,7.94e-05
99,327.044,0.41824,1.78828,0.74507,0.95022,0.9685,0.98153,0.88656,0.4346,0.40044,0.80099,5.96e-05,5.96e-05,5.96e-05
100,330.069,0.42969,0.44661,0.81325,0.94911,0.9685,0.98173,0.88779,0.43331,0.39941,0.80094,3.98e-05,3.98e-05,3.98e-05
